Name,Website,Phone Number,City,Email
Mm Elektro - Multitechnieken,mmelektro.be,0486 40 39 08,Kortrijk,info@mmelektro.be
Electro Blondeel,electroblondeel.be,0475 62 50 23,Kortrijk,
Installatietechnieken Laverge,laverge.be,0476 30 23 92,Kortrijk,info@laverge.be
Electro Devosco Bv,electrodevosco.be,051 30 47 85,Kortrijk,
Elektriciteitswerken Verhelst,elektriciteitverhelst.be,0468 48 68 41,Kortrijk,
Nicolas Elec Srl,nicolas-elec.be,0492 09 67 80,Kortrijk,nkelectricien@gmail.com
Elektro Steve-O,steveoelektro.be,0487 73 50 51,Kortrijk,
Dupont Electro,electrodupont.be,056 50 38 57,Kortrijk,
Bvh Elektro - Brecht Vanhalewyn,bvhelektro.be,056 44 44 24,Kortrijk,info@bvhelektro.be
Vaernewyck Bvba,vaernewyck.be,0480 64 58 10,Kortrijk,
Ad Electrics,adelectrics.be,0472 48 32 73,Kortrijk,
Debaled Technics,debaled.be,0468 34 49 13,Kortrijk,
Decroix / Geert Leon,geert-decroix.be,056 77 23 10,Kortrijk,
Elkin,elkin.be,0496 46 06 47,Kortrijk,
Sbs Elektro,sbselektro.be,0484 48 58 74,Kortrijk,
Elektromas,elektromas.be,0468 22 59 67,Brugge,info@elektromas.be
Elektriciteitswerken Jonas Rammelaere,elektriciteitswerkenrammelaere.com,0488 15 22 61,Brugge,
Styll,styll.be,0484 62 84 44,Brugge,info@styll.be
Abeele Algemene Elektriciteitswerken,abeele-elektriciteit.be,0483 26 37 27,Brugge,info@abeele-elektriciteit.be
Elektro Mortier,elektromortier.be,0488 62 80 84,Brugge,info@elektromortier.be
Electro Valcke,electrovalcke.be,0469 14 09 06,Brugge,
Elektriciteitswerken Claeys,ew-claeys.be,0471 65 42 89,Brugge,
Elektro Pacco,elektropacco.be,0478 94 62 97,Brugge,info@elektropacco.be
Joren Claeys Elektriciteitswerken,jorenclaeys.be,0479 53 26 17,Brugge,jorenclaeys@icloud.com
Milo Multitechnieken,milomultitechnieken.be,050 66 60 86,Brugge,
Steve Holvoet,steveholvoet.be,0494 47 10 59,Brugge,info@steveholvoet.be
Svb Technics,svbtechnics.be,0492 07 32 40,Brugge,info@svbtechnics.be
Gelek Elektriciteitswerken,gelek.be,0498 42 31 58,Brugge,
"Helec, Helectriek Bv",helec.be,0474 71 29 78,Brugge,info@helec.be
Ruben Janssens Algemene Elektriciteit,rj-elektriciteit.be,0486 18 98 18,Brugge,Janssens.ruben@telenet.be
Inlight,inlight-brugge.be,0498 45 94 10,Brugge,info@inlight-brugge.be
